{
	"variables": [],
	"info": {
		"name": "api_collection",
		"_postman_id": "6849cedf-c64a-709e-1e77-ba1353199e5e",
		"description": "",
		"schema": "https://schema.getpostman.com/json/collection/v2.0.0/collection.json"
	},
	"item": [
		{
			"name": "Register",
			"request": {
				"url": "http://localhost:3000/users/register",
				"method": "POST",
				"header": [
					{
						"key": "Content-Type",
						"value": "application/x-www-form-urlencoded",
						"description": ""
					}
				],
				"body": {
					"mode": "urlencoded",
					"urlencoded": [
						{
							"key": "username",
							"value": "demo",
							"description": "",
							"type": "text"
						},
						{
							"key": "password",
							"value": "demo",
							"description": "",
							"type": "text"
						},
						{
							"key": "first_name",
							"value": "anshu",
							"description": "",
							"type": "text"
						},
						{
							"key": "last_name",
							"value": "patil",
							"description": "",
							"type": "text"
						},
						{
							"key": "user_email",
							"value": "asdf@aaa.com",
							"description": "",
							"type": "text"
						},
						{
							"key": "isActive",
							"value": "1",
							"description": "",
							"type": "text"
						},
						{
							"key": "role",
							"value": "master",
							"description": "",
							"type": "text"
						},
						{
							"key": "createdBy",
							"value": "1",
							"description": "",
							"type": "text"
						},
						{
							"key": "emailVerified",
							"value": "1",
							"description": "",
							"type": "text"
						},
						{
							"key": "profile_pic_url",
							"value": "anshu.jpg",
							"description": "",
							"type": "text"
						}
					]
				},
				"description": "/*\r\n * username\r\n * password\r\n * first_name\r\n * last_name\r\n * user_email\r\n * isActive {0/1}\r\n * role\r\n * createdBy {userId}\r\n * emailVerified {0/1}\r\n * profile_pic_url\r\n * \r\n */"
			},
			"response": []
		},
		{
			"name": "Login",
			"request": {
				"url": "http://localhost:3000/users/login",
				"method": "POST",
				"header": [
					{
						"key": "Content-Type",
						"value": "application/x-www-form-urlencoded",
						"description": ""
					}
				],
				"body": {
					"mode": "urlencoded",
					"urlencoded": [
						{
							"key": "username",
							"value": "demo",
							"description": "",
							"type": "text"
						},
						{
							"key": "password",
							"value": "demo",
							"description": "",
							"type": "text"
						}
					]
				},
				"description": "/*\r\n * username\r\n * password\r\n */\r\n"
			},
			"response": []
		}
	]
}