{
	"id": "f015f240-41ff-eb88-cbdf-2903c17e69bf",
	"name": "api_collection",
	"description": "",
	"order": [
		"9afa98d9-844e-b576-c19a-7750b919765c",
		"1afb021c-16d8-41b8-1256-c2b2a2c2ec41",
		"e977b813-0443-f295-0dde-731077c96fa5",
		"a3817dcf-b785-6e06-fc9b-c1243c619a63",
		"9f2633dd-c147-6169-e370-fb9da53ee021",
		"8feb4848-06b9-977b-8d70-f2db88c72c46",
		"fb85fe70-bd65-a89f-6cbb-2c589e32e2e9"
	],
	"folders": [],
	"folders_order": [],
	"timestamp": 0,
	"owner": "662787",
	"public": false,
	"requests": [
		{
			"folder": null,
			"id": "1afb021c-16d8-41b8-1256-c2b2a2c2ec41",
			"name": "Login",
			"dataMode": "urlencoded",
			"data": [
				{
					"key": "username",
					"value": "demo",
					"type": "text"
				},
				{
					"key": "password",
					"value": "demo",
					"type": "text"
				}
			],
			"auth": null,
			"events": null,
			"rawModeData": "",
			"descriptionFormat": null,
			"description": "/*\r\n * username\r\n * password\r\n */\r\n",
			"variables": null,
			"headers": "Content-Type: application/x-www-form-urlencoded",
			"method": "POST",
			"pathVariables": null,
			"url": "http://localhost:3000/users/login",
			"preRequestScript": null,
			"tests": null,
			"currentHelper": null,
			"helperAttributes": null,
			"queryParams": [],
			"headerData": [
				{
					"key": "Content-Type",
					"value": "application/x-www-form-urlencoded"
				}
			],
			"pathVariableData": [],
			"collectionId": "f015f240-41ff-eb88-cbdf-2903c17e69bf",
			"collection_id": "f015f240-41ff-eb88-cbdf-2903c17e69bf"
		},
		{
			"id": "8feb4848-06b9-977b-8d70-f2db88c72c46",
			"headers": "Content-Type: application/json\n",
			"headerData": [
				{
					"key": "Content-Type",
					"value": "application/json",
					"description": "",
					"enabled": true
				}
			],
			"url": "http://localhost:3000/boards",
			"queryParams": [],
			"preRequestScript": null,
			"pathVariables": {},
			"pathVariableData": [],
			"method": "PATCH",
			"data": [],
			"dataMode": "raw",
			"version": 2,
			"tests": null,
			"currentHelper": "normal",
			"helperAttributes": {},
			"time": 1519030972484,
			"name": "updateBoard",
			"description": "",
			"collectionId": "f015f240-41ff-eb88-cbdf-2903c17e69bf",
			"responses": [],
			"rawModeData": "{ \"boardId\": 1,\r\n  \"board_title\": \"anshu\",\r\n  \"board_primaryowner\": 1,\r\n  \"isArchive\": 0,\r\n  \"createdBy\": 1,\r\n  \"owners\": [1,2,3] }"
		},
		{
			"folder": null,
			"id": "9afa98d9-844e-b576-c19a-7750b919765c",
			"name": "Register",
			"dataMode": "urlencoded",
			"data": [
				{
					"key": "username",
					"value": "demo",
					"type": "text"
				},
				{
					"key": "password",
					"value": "demo",
					"type": "text"
				},
				{
					"key": "first_name",
					"value": "anshu",
					"type": "text"
				},
				{
					"key": "last_name",
					"value": "patil",
					"type": "text"
				},
				{
					"key": "user_email",
					"value": "asdf@aaa.com",
					"type": "text"
				},
				{
					"key": "isActive",
					"value": "1",
					"type": "text"
				},
				{
					"key": "role",
					"value": "master",
					"type": "text"
				},
				{
					"key": "createdBy",
					"value": "1",
					"type": "text"
				},
				{
					"key": "emailVerified",
					"value": "1",
					"type": "text"
				},
				{
					"key": "profile_pic_url",
					"value": "anshu.jpg",
					"type": "text"
				}
			],
			"auth": null,
			"events": null,
			"rawModeData": "",
			"descriptionFormat": null,
			"description": "/*\r\n * username\r\n * password\r\n * first_name\r\n * last_name\r\n * user_email\r\n * isActive {0/1}\r\n * role\r\n * createdBy {userId}\r\n * emailVerified {0/1}\r\n * profile_pic_url\r\n * \r\n */",
			"variables": null,
			"headers": "Content-Type: application/x-www-form-urlencoded",
			"method": "POST",
			"pathVariables": null,
			"url": "http://localhost:3000/users/register",
			"preRequestScript": null,
			"tests": null,
			"currentHelper": null,
			"helperAttributes": null,
			"queryParams": [],
			"headerData": [
				{
					"key": "Content-Type",
					"value": "application/x-www-form-urlencoded"
				}
			],
			"pathVariableData": [],
			"collectionId": "f015f240-41ff-eb88-cbdf-2903c17e69bf",
			"collection_id": "f015f240-41ff-eb88-cbdf-2903c17e69bf"
		},
		{
			"id": "9f2633dd-c147-6169-e370-fb9da53ee021",
			"headers": "",
			"headerData": [],
			"url": "http://localhost:3000/boards",
			"queryParams": [],
			"pathVariables": {},
			"pathVariableData": [],
			"preRequestScript": null,
			"method": "GET",
			"collectionId": "f015f240-41ff-eb88-cbdf-2903c17e69bf",
			"data": null,
			"dataMode": "params",
			"name": "getAllBoards",
			"description": "",
			"descriptionFormat": "html",
			"time": 1518983712575,
			"version": 2,
			"responses": [],
			"tests": null,
			"currentHelper": "normal",
			"helperAttributes": {},
			"collection_id": "f015f240-41ff-eb88-cbdf-2903c17e69bf"
		},
		{
			"id": "a3817dcf-b785-6e06-fc9b-c1243c619a63",
			"headers": "Content-Type: application/json\n",
			"headerData": [
				{
					"key": "Content-Type",
					"value": "application/json",
					"description": "",
					"enabled": true
				}
			],
			"url": "http://localhost:3000/boards/create",
			"queryParams": [],
			"preRequestScript": null,
			"pathVariables": {},
			"pathVariableData": [],
			"method": "POST",
			"data": [],
			"dataMode": "raw",
			"tests": null,
			"currentHelper": "normal",
			"helperAttributes": {},
			"time": 1519030460106,
			"name": "createBoard",
			"description": "",
			"collectionId": "f015f240-41ff-eb88-cbdf-2903c17e69bf",
			"responses": [],
			"rawModeData": "{ \"board_title\": \"anshu\",\r\n  \"board_primaryowner\": 1,\r\n  \"isArchive\": 0,\r\n  \"createdBy\": 1,\r\n  \"owners\": [1,2,3] }"
		},
		{
			"id": "e977b813-0443-f295-0dde-731077c96fa5",
			"headers": "Content-Type: application/x-www-form-urlencoded\n",
			"headerData": [
				{
					"key": "Content-Type",
					"value": "application/x-www-form-urlencoded",
					"description": "",
					"enabled": true
				}
			],
			"url": "http://localhost:3000/users",
			"queryParams": [],
			"preRequestScript": null,
			"pathVariables": {},
			"pathVariableData": [],
			"method": "GET",
			"data": [
				{
					"key": "user_id",
					"value": "1",
					"description": "",
					"type": "text",
					"enabled": true
				}
			],
			"dataMode": "urlencoded",
			"tests": null,
			"currentHelper": "normal",
			"helperAttributes": {},
			"time": 1518983958862,
			"name": "getAllUsers",
			"description": "",
			"collectionId": "f015f240-41ff-eb88-cbdf-2903c17e69bf",
			"responses": [],
			"collection_id": "f015f240-41ff-eb88-cbdf-2903c17e69bf"
		},
		{
			"id": "fb85fe70-bd65-a89f-6cbb-2c589e32e2e9",
			"headers": "Content-Type: application/x-www-form-urlencoded\n",
			"headerData": [
				{
					"key": "Content-Type",
					"value": "application/x-www-form-urlencoded",
					"description": "",
					"enabled": true
				}
			],
			"url": "http://localhost:3000/users/userInfo",
			"queryParams": [],
			"pathVariables": {},
			"pathVariableData": [],
			"preRequestScript": null,
			"method": "POST",
			"collectionId": "f015f240-41ff-eb88-cbdf-2903c17e69bf",
			"data": [
				{
					"key": "user_id",
					"value": "1",
					"description": "",
					"type": "text",
					"enabled": true
				}
			],
			"dataMode": "urlencoded",
			"name": "userInfo",
			"description": "",
			"descriptionFormat": "html",
			"time": 1518984949160,
			"version": 2,
			"responses": [],
			"tests": null,
			"currentHelper": "normal",
			"helperAttributes": {},
			"collection_id": "f015f240-41ff-eb88-cbdf-2903c17e69bf"
		}
	]
}